"Year","Plot","Ivesia gordonii","Lupinus argenteus","Senecio crassulus","Eriogonum umbellatum","Elymus lanceolatus","Heterotheca villosa","Chaenactis douglasii","Phacelia hastata","Eremogone congesta","Achnatherum lettermanii","Pseudocymopterus montanus","Penstemon whippleanus","Agoseris glauca","Indet indet1","Arnica latifolia","Poa stenantha","Carex siccata","Viola praemorsa","NA NA","Valeriana acutiloba"
2014,"1",15,1,1,0,0,0,0,0,0,0,0,0,0,0,0,0,0,0,0,0
2014,"2",1,0,0,0,0,0,0,0,0,0,0,0,0,0,0,0,0,0,0,0
2014,"3",1,0,0,1,0,0,0,0,0,0,0,0,0,0,0,0,0,0,0,0
2014,"5",3,11,0,5,1,2,3,0,0,0,0,0,0,0,0,0,0,0,0,0
2014,"6",6,0,0,1,3,0,0,0,0,0,0,0,0,0,0,0,0,0,0,0
2014,"7",2,0,0,0,0,0,0,0,0,0,0,0,0,0,0,0,0,0,0,0
2014,"8",6,21,0,2,0,0,0,1,0,0,0,0,0,0,0,0,0,0,0,0
2014,"9",3,2,0,0,1,1,0,0,0,0,0,0,0,0,0,0,0,0,0,0
2014,"10",4,20,0,1,1,0,0,0,0,0,0,0,0,0,0,0,0,0,0,0
2014,"11",2,3,0,1,0,0,0,0,0,0,0,0,0,0,0,0,0,0,0,0
2014,"12",2,0,0,1,1,0,0,2,0,0,0,0,0,0,0,0,0,0,0,0
2014,"13",0,0,0,5,11,3,1,0,0,0,0,0,0,0,0,0,0,0,0,0
2014,"14",0,2,0,2,14,1,0,0,0,0,0,0,0,0,0,0,0,0,0,0
2014,"15",10,38,0,2,0,0,0,0,1,0,0,0,0,0,0,0,0,0,0,0
2014,"16",1,64,0,1,2,0,1,1,0,0,0,0,0,0,0,0,0,0,0,0
2014,"17",0,34,0,1,7,2,0,0,0,0,0,0,0,0,0,0,0,0,0,0
2014,"18",8,0,0,1,2,1,0,0,0,0,0,0,0,0,0,0,0,0,0,0
2014,"19",18,1,1,12,3,4,0,0,0,0,0,0,0,0,0,0,0,0,0,0
2014,"20",11,23,2,7,14,3,2,0,6,1,1,1,1,0,0,0,0,0,0,0
2014,"21",1,0,0,12,2,3,0,0,0,3,0,0,0,1,0,0,0,0,0,0
2014,"22",1,0,0,4,3,1,0,2,0,0,0,0,0,0,0,0,0,0,0,0
2014,"23",4,3,0,3,3,2,0,0,0,0,0,0,1,0,0,0,0,0,0,0
2014,"24",0,1,2,7,15,2,0,0,0,0,0,0,0,0,0,0,0,0,0,0
2014,"25",0,13,0,0,0,0,0,0,0,0,0,0,0,0,0,0,0,0,0,0
2014,"27",6,0,1,7,8,5,0,0,1,1,0,0,4,0,0,0,0,0,0,0
2014,"28",19,1,1,8,13,1,0,3,1,0,1,0,1,0,1,0,0,0,0,0
2014,"29",1,35,0,1,9,1,1,0,0,0,0,0,0,0,0,0,0,0,0,0
2014,"30",0,0,0,0,1,0,0,0,0,0,0,0,0,0,0,0,0,0,0,0
2014,"31",0,0,0,3,11,0,0,1,0,4,0,0,0,0,0,0,0,0,0,0
2014,"32",8,1,0,2,0,0,0,0,0,0,0,0,0,0,0,0,0,0,0,0
2014,"33",18,14,0,10,4,4,0,0,0,1,0,0,2,0,0,6,0,0,0,0
2014,"34",1,0,0,4,5,0,0,0,0,0,0,0,0,0,0,0,0,0,0,0
2014,"35",0,1,0,0,0,0,0,0,0,0,0,0,0,0,0,0,0,0,0,0
2014,"36",2,5,2,6,3,5,0,0,0,1,0,0,1,0,2,2,0,0,0,0
2014,"37",12,21,0,2,0,2,0,0,0,1,0,0,0,0,0,0,0,0,0,0
2014,"38",2,0,0,0,0,0,0,0,0,0,0,0,0,0,0,0,0,0,0,0
2014,"39",0,1,0,1,0,0,0,0,0,0,0,0,0,0,0,0,0,0,0,0
2014,"40",0,5,0,2,2,1,0,0,0,0,0,0,0,0,0,0,0,0,0,0
2014,"41",2,9,1,2,1,2,0,0,1,3,0,0,1,0,3,0,0,0,0,0
2014,"42",0,7,0,2,1,0,0,0,0,0,0,0,0,0,0,0,0,0,0,0
2014,"45",1,0,0,1,0,2,0,0,0,0,0,0,0,0,0,0,0,0,0,0
2014,"46",6,20,7,28,7,32,0,3,3,1,0,0,12,0,0,0,37,2,0,0
2014,"47",0,1,0,0,0,0,0,0,0,0,0,0,0,0,0,0,0,0,0,0
2014,"49",0,7,0,1,0,1,0,0,0,0,0,0,0,0,0,0,0,0,0,0
2014,"50",9,0,0,5,1,3,0,0,0,0,0,0,0,0,0,0,0,0,0,0
2015,"1",30,3,3,0,0,1,0,0,0,0,0,0,0,0,0,0,0,0,0,0
2015,"2",1,0,0,0,0,0,0,0,0,0,0,0,0,0,0,0,0,0,0,0
2015,"3",1,0,0,1,0,0,0,0,0,0,0,0,0,0,0,0,0,0,0,0
2015,"5",3,22,0,5,1,2,3,0,0,0,0,0,0,0,0,0,0,0,0,0
2015,"6",17,0,0,1,3,0,0,0,0,0,0,0,0,0,0,0,0,0,0,0
2015,"7",2,0,0,0,0,0,0,0,0,0,0,0,0,0,0,0,0,0,0,0
2015,"8",6,24,1,2,0,0,2,1,0,0,0,0,0,0,0,0,0,0,0,0
2015,"9",4,1,0,0,1,1,0,0,0,0,0,0,0,0,0,0,0,0,0,0
2015,"10",4,39,0,1,1,0,2,0,0,0,0,0,0,0,0,0,0,0,0,0
2015,"11",2,6,1,2,0,0,0,0,0,0,0,0,0,0,0,0,0,0,0,0
2015,"12",2,0,0,1,1,0,0,1,0,0,0,0,1,0,0,0,0,0,0,0
2015,"13",0,0,0,7,10,3,2,0,0,0,0,0,0,0,0,0,0,0,0,0
2015,"14",1,3,0,3,13,2,0,0,0,0,0,0,0,0,0,0,0,0,0,0
2015,"15",10,49,1,5,0,0,0,0,1,0,0,0,0,0,0,0,0,0,0,0
2015,"16",5,58,4,6,2,1,4,1,0,0,0,0,6,0,1,0,0,0,0,0
2015,"17",0,29,0,1,8,3,0,0,0,0,0,0,0,0,0,0,0,0,0,0
2015,"18",9,1,0,1,2,1,0,0,0,0,0,0,0,0,0,0,0,0,0,0
2015,"19",26,3,2,14,3,4,0,0,0,0,0,0,0,0,0,0,0,0,0,0
2015,"20",12,44,5,17,9,5,4,2,10,1,1,1,2,0,0,0,0,0,0,0
2015,"21",3,1,1,10,2,3,0,2,0,4,0,0,0,0,0,1,0,0,0,0
2015,"22",1,1,0,4,3,1,0,2,0,0,0,0,1,0,0,0,0,0,0,0
2015,"23",4,4,0,3,3,2,0,0,0,0,0,0,1,0,0,0,0,0,0,0
2015,"24",0,1,4,7,15,2,0,0,0,0,1,0,1,0,0,0,0,0,0,0
2015,"25",0,17,0,0,0,1,1,0,0,0,0,0,0,0,0,0,0,0,0,0
2015,"27",5,0,1,7,9,5,0,0,1,1,0,0,6,0,0,0,0,0,0,0
2015,"28",18,3,1,8,13,3,1,4,1,0,1,0,2,0,1,0,0,0,0,0
2015,"29",1,26,0,3,9,1,1,1,0,0,0,0,0,0,0,0,0,0,0,0
2015,"30",0,0,0,0,1,0,0,0,0,0,0,0,0,0,0,0,0,0,0,0
2015,"31",0,1,1,6,11,0,0,1,0,4,0,0,1,0,0,0,0,0,0,0
2015,"32",8,9,0,2,0,0,0,0,0,0,0,0,0,0,0,0,0,0,0,0
2015,"33",14,25,0,9,6,8,0,2,0,1,0,0,2,0,0,6,0,0,0,0
2015,"34",0,0,0,4,6,0,0,0,0,0,0,0,0,0,0,0,0,0,0,0
2015,"35",0,1,0,0,0,0,0,0,0,0,0,0,0,0,0,0,0,0,0,0
2015,"36",2,22,2,6,2,5,0,0,0,1,0,0,2,0,3,2,0,0,0,0
2015,"37",21,46,2,2,0,7,0,0,0,1,0,0,1,0,0,0,0,0,0,0
2015,"38",2,1,0,0,0,0,0,0,0,0,0,0,0,0,0,0,0,0,0,0
2015,"39",0,2,0,1,0,0,0,0,0,0,0,0,0,0,0,0,0,0,0,0
2015,"40",0,5,0,2,2,1,0,0,0,0,0,0,0,0,0,0,0,0,0,0
2015,"41",3,50,4,8,1,2,0,4,6,3,0,0,1,0,3,0,0,0,0,0
2015,"42",0,37,1,3,1,0,0,0,0,0,0,0,0,0,0,0,0,0,0,0
2015,"45",1,0,0,1,0,2,0,0,0,0,0,0,1,0,0,0,0,0,0,0
2015,"46",19,50,45,39,8,43,2,8,13,1,0,1,24,0,1,0,39,5,0,0
2015,"47",0,21,0,0,0,0,0,0,0,0,0,0,0,0,0,0,1,0,0,0
2015,"49",0,7,0,2,0,1,0,0,0,0,0,0,2,0,0,0,0,0,0,0
2015,"50",9,1,0,5,1,3,0,0,0,0,0,0,0,0,0,0,0,0,0,0
2016,"1",31,4,5,1,0,1,0,0,0,0,0,0,0,0,0,0,0,0,0,0
2016,"2",1,0,0,0,0,0,0,0,0,0,0,0,0,0,0,0,0,0,0,0
2016,"3",1,0,0,1,0,0,0,0,0,0,0,0,0,0,0,0,0,0,0,0
2016,"5",2,16,0,5,3,1,3,1,0,0,0,0,1,0,0,0,0,0,0,0
2016,"6",15,0,1,1,3,0,0,0,0,0,0,0,0,0,0,0,0,0,0,0
2016,"7",2,0,0,0,0,0,0,0,0,0,0,0,0,0,0,0,0,0,0,0
2016,"8",6,10,2,2,0,0,2,1,0,0,0,0,0,0,0,0,0,0,0,0
2016,"9",4,1,0,0,1,1,1,0,0,0,0,0,0,0,0,0,0,0,0,0
2016,"10",4,43,0,1,2,0,2,1,0,0,0,0,0,0,0,0,0,0,0,0
2016,"11",7,8,1,1,0,0,0,0,0,0,0,0,0,0,0,0,0,0,0,0
2016,"12",4,0,0,1,1,0,0,0,0,0,0,0,1,0,0,0,0,0,0,0
2016,"13",0,0,0,7,10,3,1,0,0,0,0,0,0,0,0,0,0,0,0,0
2016,"14",1,2,0,3,13,2,1,0,0,0,0,0,0,0,0,0,0,0,0,0
2016,"15",11,44,0,5,0,0,0,0,1,0,0,0,0,0,0,0,0,0,0,0
2016,"16",4,42,6,8,2,0,0,2,0,0,0,0,6,0,1,0,0,0,0,0
2016,"17",0,18,0,1,8,3,0,0,0,0,0,0,1,0,0,0,0,0,0,0
2016,"18",6,1,0,1,2,1,0,0,0,0,0,0,0,0,0,0,0,0,0,0
2016,"19",27,4,4,14,3,6,0,0,0,0,0,0,0,0,0,0,0,0,0,0
2016,"20",16,27,4,24,6,10,3,2,11,1,1,2,4,0,0,1,0,0,0,0
2016,"21",3,1,1,6,2,3,0,4,0,4,0,0,0,0,0,1,0,0,0,0
2016,"22",1,1,0,5,3,1,0,4,1,0,0,1,2,0,0,0,0,0,0,0
2016,"23",4,4,0,3,3,2,0,0,0,0,0,0,1,0,0,0,0,0,0,0
2016,"24",0,1,4,7,11,2,3,0,0,0,1,0,1,0,0,0,0,0,0,0
2016,"25",0,21,0,0,0,0,0,0,0,0,0,0,0,0,0,0,0,0,0,0
2016,"27",7,0,1,13,9,4,0,0,1,1,0,0,7,0,0,0,0,0,0,0
2016,"28",21,1,2,12,10,3,1,5,1,0,1,0,2,0,0,0,0,0,0,0
2016,"29",1,21,0,5,8,1,3,0,0,0,0,0,0,0,0,0,0,0,0,0
2016,"30",0,0,0,0,1,0,0,0,0,0,0,0,0,0,0,0,0,0,0,0
2016,"31",0,1,0,6,6,0,0,1,0,5,0,0,1,0,0,0,0,0,0,0
2016,"32",11,9,0,2,0,0,0,0,0,0,0,0,0,0,0,0,0,0,0,0
2016,"33",14,21,0,10,8,8,2,2,0,1,0,0,5,0,0,7,0,0,0,0
2016,"34",0,1,0,4,8,0,0,1,0,0,0,0,0,0,0,0,0,0,0,0
2016,"36",3,19,1,6,3,4,0,0,0,1,0,0,5,0,3,2,0,0,0,0
2016,"37",39,44,1,8,0,7,0,0,0,1,0,0,4,0,0,1,0,0,0,0
2016,"38",2,1,0,0,0,0,0,0,0,0,0,0,0,0,0,0,0,0,0,0
2016,"39",0,2,0,1,0,0,0,0,0,0,0,0,0,0,0,0,0,0,0,0
2016,"40",0,1,0,2,3,1,0,0,0,0,0,0,0,0,0,0,0,0,0,0
2016,"41",3,30,6,7,1,4,0,4,3,3,1,0,1,0,6,0,0,0,0,0
2016,"42",0,32,2,3,2,2,0,0,0,0,0,1,0,0,0,0,0,0,0,0
2016,"43",0,1,0,0,0,0,0,0,0,0,0,0,0,0,0,0,0,0,0,0
2016,"45",1,1,0,2,0,0,0,0,0,0,0,0,1,0,0,0,0,0,0,0
2016,"46",23,48,63,43,9,41,1,8,19,1,0,1,30,0,1,0,44,9,0,0
2016,"47",0,16,0,0,0,0,0,0,0,0,0,0,0,0,0,0,1,0,0,0
2016,"48",0,1,0,0,0,0,0,0,0,0,0,0,0,0,0,0,0,0,0,0
2016,"49",0,5,0,2,1,1,0,0,0,0,0,0,0,0,0,0,0,0,0,0
2016,"50",7,1,1,6,2,2,0,1,0,0,0,0,0,0,1,0,0,0,0,0
2017,"1",9,1,1,0,0,0,0,0,0,0,0,0,0,0,0,0,0,0,0,0
2017,"2",1,0,0,0,0,0,0,0,0,0,0,0,0,0,0,0,0,0,0,0
2017,"3",1,0,0,1,0,0,0,0,0,0,0,0,0,0,0,0,0,0,0,0
2017,"5",1,15,0,3,3,2,0,1,0,0,0,0,1,0,0,0,0,0,0,0
2017,"6",9,0,1,1,3,0,0,0,0,0,0,0,0,0,0,0,0,0,0,0
2017,"7",2,0,0,0,0,0,0,0,0,0,0,0,0,0,0,0,0,0,0,0
2017,"8",5,6,1,2,0,0,2,4,0,0,0,0,0,0,0,0,0,0,0,0
2017,"9",4,1,0,0,1,1,1,0,0,0,0,0,0,0,0,0,0,0,0,0
2017,"10",4,20,0,1,2,0,1,1,0,0,0,0,1,0,0,0,0,0,0,0
2017,"11",6,15,0,1,0,0,0,0,0,0,0,0,0,0,0,0,0,0,0,0
2017,"12",4,0,0,1,1,0,0,0,0,0,0,0,1,0,0,0,0,0,0,0
2017,"13",0,0,0,7,10,3,0,1,0,0,0,0,0,0,0,0,0,0,0,0
2017,"14",1,0,0,3,13,2,0,0,0,0,0,0,1,0,0,0,0,0,0,0
2017,"15",10,16,0,5,0,1,0,1,1,0,0,0,0,0,0,0,0,0,0,0
2017,"16",3,8,6,8,2,0,0,1,0,0,0,0,3,0,1,0,0,0,0,0
2017,"17",0,8,0,1,7,2,0,0,0,0,0,0,1,0,0,0,0,0,0,0
2017,"18",5,0,0,1,2,0,0,0,0,0,0,0,0,0,0,0,0,0,0,0
2017,"19",25,4,3,11,4,4,0,0,0,0,0,0,0,0,0,0,0,0,0,0
2017,"20",14,14,2,19,7,10,2,3,10,1,0,1,3,0,0,1,0,0,0,0
2017,"21",3,1,0,4,0,2,0,1,0,3,0,0,0,0,0,1,0,0,0,0
2017,"22",1,1,0,4,4,1,2,4,1,0,0,1,2,0,0,0,0,0,0,0
2017,"23",4,2,0,3,3,2,0,0,0,0,0,0,1,0,0,0,0,0,0,0
2017,"24",0,0,4,6,9,2,2,0,0,0,1,0,1,0,0,0,0,0,0,0
2017,"25",0,2,0,0,0,0,0,0,0,0,0,0,0,0,0,0,0,0,0,0
2017,"27",6,0,2,9,10,5,0,0,1,1,0,0,11,0,0,0,0,0,0,0
2017,"28",4,0,3,6,6,1,0,1,0,0,0,0,0,0,1,0,0,0,0,0
2017,"29",1,6,0,4,6,1,1,0,0,0,0,0,0,0,0,0,0,0,0,0
2017,"30",0,0,0,0,1,0,0,0,0,0,0,0,0,0,0,0,0,0,0,0
2017,"31",0,1,0,3,5,0,0,1,0,5,0,0,0,0,0,0,0,0,0,0
2017,"32",6,9,0,2,0,0,0,0,0,0,0,0,0,0,0,0,0,0,0,0
2017,"33",12,20,2,8,8,8,1,2,0,1,0,0,4,0,0,7,0,0,0,0
2017,"34",0,0,0,4,7,0,0,1,0,0,0,0,0,0,0,0,0,0,0,0
2017,"36",5,8,0,5,2,1,0,0,0,1,0,0,5,0,6,2,0,0,0,0
2017,"37",28,26,0,7,0,5,0,1,0,1,0,0,2,0,0,1,0,0,0,0
2017,"39",0,2,0,1,0,0,0,0,0,0,0,0,0,0,0,0,0,0,0,0
2017,"40",0,0,0,3,3,1,0,0,0,0,0,0,0,0,0,0,0,0,0,0
2017,"41",1,11,6,5,1,4,0,2,5,3,0,0,1,0,4,0,0,0,1,0
2017,"42",0,19,2,1,0,0,0,0,0,0,0,1,0,0,0,0,0,0,0,0
2017,"43",0,1,0,0,0,0,0,0,0,0,0,0,0,0,0,0,0,0,0,0
2017,"45",1,0,0,1,0,0,0,0,0,0,0,0,1,0,0,0,0,0,0,0
2017,"46",9,18,59,25,4,16,0,5,13,1,0,0,23,0,1,0,38,5,0,0
2017,"47",0,7,0,0,0,0,0,0,0,0,0,0,0,0,0,0,4,0,0,0
2017,"49",0,3,0,1,1,1,0,0,0,0,0,0,0,0,0,0,0,0,0,0
2017,"50",6,1,2,4,2,1,0,1,0,0,0,0,0,0,1,0,0,0,0,0
2018,"1",5,3,1,0,0,0,0,0,0,0,0,0,0,0,0,0,0,0,0,0
2018,"2",1,0,0,0,0,0,0,0,0,0,0,0,0,0,0,0,0,0,0,0
2018,"3",1,0,0,1,0,0,0,0,0,0,0,0,0,0,0,0,0,0,0,0
2018,"5",0,2,0,2,3,0,0,0,0,0,0,0,1,0,0,0,0,0,0,0
2018,"6",7,0,1,1,3,0,0,0,0,0,0,0,0,0,0,0,0,0,0,0
2018,"7",1,0,0,0,0,0,0,0,0,0,0,0,0,0,0,0,0,0,0,0
2018,"8",4,1,2,2,0,0,2,0,0,0,0,0,0,0,0,0,0,0,0,0
2018,"9",3,1,0,0,1,1,1,0,0,0,0,0,0,0,0,0,0,0,0,0
2018,"10",2,12,0,1,2,0,0,1,0,0,0,0,0,0,0,0,0,0,0,0
2018,"11",5,8,0,1,0,0,0,0,0,0,0,0,0,0,0,0,0,0,0,0
2018,"12",4,0,0,1,1,0,0,0,0,0,0,0,0,0,0,0,0,0,0,0
2018,"13",0,0,0,7,10,3,0,1,0,0,0,0,0,0,0,0,0,0,0,0
2018,"14",1,0,0,3,13,1,0,0,0,0,0,0,0,0,0,0,0,0,0,0
2018,"15",9,4,0,5,0,1,0,0,1,0,0,0,0,0,0,0,0,0,0,0
2018,"16",3,0,0,4,2,0,0,0,0,0,0,0,0,0,1,0,0,0,0,0
2018,"17",0,5,0,1,7,1,0,0,0,0,0,0,1,0,0,0,0,0,0,0
2018,"18",4,0,0,1,2,1,0,0,0,0,0,0,0,0,0,0,0,0,0,0
2018,"19",23,8,0,13,4,4,1,0,0,0,0,0,0,0,0,0,0,0,0,0
2018,"20",12,2,1,9,6,1,2,1,10,1,0,1,0,0,0,1,0,0,0,0
2018,"21",1,0,0,4,0,0,0,0,0,3,0,0,0,0,0,1,0,0,0,0
2018,"22",0,1,0,4,4,0,0,3,1,0,0,1,0,0,0,0,0,0,0,0
2018,"23",3,1,0,3,3,1,0,0,0,0,0,0,0,0,0,0,0,0,0,0
2018,"24",0,0,1,5,13,0,1,0,0,0,0,0,1,0,0,0,0,0,0,0
2018,"27",4,0,0,6,7,0,0,0,1,1,0,0,1,0,0,0,0,0,0,0
2018,"28",3,0,2,6,6,0,0,1,0,0,0,0,0,0,0,0,0,0,0,0
2018,"29",1,1,0,1,6,1,0,0,0,0,0,0,0,0,0,0,0,0,0,0
2018,"30",0,0,0,0,1,0,0,0,0,0,0,0,0,0,0,0,0,0,0,0
2018,"31",0,0,0,2,5,0,0,1,0,5,0,0,0,0,0,0,0,0,0,0
2018,"32",6,6,0,2,0,0,0,0,0,0,0,0,0,0,0,0,0,0,0,0
2018,"33",7,4,2,7,7,3,1,1,0,1,0,0,1,0,0,3,0,0,0,0
2018,"34",0,0,0,4,7,0,1,1,0,0,0,0,0,0,0,0,0,0,0,0
2018,"36",2,0,1,4,2,0,0,0,0,1,0,0,1,0,4,2,0,0,0,0
2018,"37",21,10,1,4,0,4,0,0,0,0,0,0,0,0,0,1,0,0,0,0
2018,"39",0,0,0,1,0,0,0,0,0,0,0,0,0,0,0,0,0,0,0,0
2018,"40",0,0,0,2,3,0,0,0,0,0,0,0,0,0,0,0,0,0,0,0
2018,"41",1,1,1,2,1,3,0,2,5,2,0,0,0,0,4,0,0,0,1,0
2018,"42",0,5,0,1,0,0,0,0,0,0,0,0,0,0,0,0,0,0,0,0
2018,"45",1,0,0,1,0,0,0,0,0,0,0,0,1,0,0,0,0,0,0,0
2018,"46",8,1,21,13,7,6,0,5,18,1,0,0,17,0,1,0,42,3,0,0
2018,"47",0,1,0,0,0,0,0,0,0,0,0,0,0,0,0,0,1,0,0,0
2018,"49",0,1,0,1,0,0,0,0,0,0,0,0,0,0,0,0,0,0,0,0
2018,"50",0,0,0,3,1,0,0,0,0,0,0,0,0,0,1,0,0,0,0,0
2019,"1",5,3,1,0,0,0,0,0,0,0,0,0,0,0,0,0,0,0,0,0
2019,"2",1,0,0,0,0,0,0,0,0,0,0,0,0,0,0,0,0,0,0,0
2019,"3",1,0,0,1,0,0,0,0,0,0,0,0,0,0,0,0,0,0,0,0
2019,"5",0,1,0,2,3,0,0,0,0,0,0,0,1,0,0,0,0,0,0,0
2019,"6",8,0,1,1,3,0,0,0,0,0,0,0,0,0,0,0,0,0,0,0
2019,"8",3,0,1,2,0,7,1,0,0,0,0,0,0,0,0,0,0,0,0,0
2019,"9",3,1,0,0,1,1,1,0,0,0,0,0,0,0,0,0,0,0,0,0
2019,"10",2,8,0,1,2,0,0,1,0,0,0,0,0,0,0,0,0,0,0,0
2019,"11",5,5,0,1,0,0,0,1,0,0,0,0,0,0,0,0,0,0,0,0
2019,"12",4,0,0,1,1,0,0,0,0,0,0,0,0,0,0,0,0,0,0,0
2019,"13",0,0,0,7,8,3,0,0,0,0,0,0,0,0,0,0,0,0,0,0
2019,"14",1,0,0,3,12,1,0,0,0,0,0,0,0,0,0,0,0,0,0,0
2019,"15",5,0,0,5,0,1,0,0,1,0,0,0,0,0,0,0,0,0,0,0
2019,"16",3,0,0,2,2,0,0,0,0,0,0,0,0,0,1,0,0,0,0,0
2019,"17",0,3,0,1,6,0,0,0,0,0,0,0,1,0,0,0,0,0,0,0
2019,"18",4,0,0,1,2,1,0,0,0,0,0,0,0,0,0,0,0,0,0,0
2019,"19",24,7,0,11,4,4,0,0,0,0,0,0,0,0,0,0,0,0,0,0
2019,"20",10,2,1,5,8,1,0,0,13,1,0,2,0,0,0,1,0,0,0,0
2019,"21",1,0,0,4,0,1,0,0,0,0,0,0,0,0,0,1,0,0,0,0
2019,"22",0,0,0,4,5,1,1,2,1,0,0,1,0,0,0,0,0,0,0,0
2019,"23",3,1,0,3,3,1,0,0,0,0,0,0,0,0,0,0,0,0,0,0
2019,"24",1,0,1,5,13,1,3,0,0,0,0,0,1,0,0,0,0,0,0,0
2019,"27",4,0,0,6,5,0,1,0,1,0,0,0,1,0,0,0,0,0,0,0
2019,"28",3,0,0,6,9,2,0,1,0,0,0,0,0,0,1,0,0,0,0,0
2019,"29",0,1,0,1,6,1,0,0,0,0,0,0,0,0,0,0,0,0,0,0
2019,"30",0,0,0,0,1,0,0,0,0,0,0,0,0,0,0,0,0,0,0,0
2019,"31",0,0,0,2,6,0,0,0,0,3,0,0,0,0,0,0,0,0,0,0
2019,"32",5,2,0,2,0,0,0,0,0,0,0,0,0,0,0,0,0,0,0,0
2019,"33",12,1,1,8,8,4,1,1,0,1,0,0,1,0,0,2,0,0,0,0
2019,"34",0,0,0,4,6,0,1,1,0,0,0,0,0,0,0,0,0,0,0,0
2019,"36",1,0,0,4,2,0,0,0,0,1,0,0,1,0,5,2,0,0,0,0
2019,"37",22,5,1,4,0,4,0,0,0,0,0,0,0,0,0,1,0,0,0,0
2019,"39",0,0,0,1,0,0,0,0,0,0,0,0,0,0,0,0,0,0,0,0
2019,"40",0,0,0,2,3,0,0,0,0,0,0,0,0,0,0,0,0,0,0,0
2019,"41",1,0,1,2,1,3,0,0,5,1,0,1,0,0,0,0,0,0,1,0
2019,"42",0,0,0,1,0,0,0,1,0,0,0,0,0,0,0,0,0,0,0,0
2019,"45",1,0,0,1,0,0,0,0,0,0,0,0,0,0,0,0,0,0,0,0
2019,"46",9,0,18,22,7,5,0,6,17,1,0,0,16,0,1,0,38,4,0,0
2019,"47",0,1,0,0,0,0,0,0,0,0,0,0,0,0,0,0,6,0,0,0
2019,"49",0,1,0,1,0,0,0,0,0,0,0,0,0,0,0,0,0,0,0,0
2019,"50",0,0,0,2,1,0,0,0,0,0,0,0,0,0,1,0,0,0,0,0
2020,"1",5,1,1,0,0,0,0,0,0,0,0,0,0,0,0,0,0,0,0,0
2020,"2",1,0,0,0,0,0,0,0,0,0,0,0,0,0,0,0,0,0,0,0
2020,"3",2,0,0,3,0,0,0,0,0,0,0,0,0,0,0,0,0,0,0,0
2020,"5",0,0,0,5,3,0,0,0,0,0,0,0,1,0,0,0,0,0,0,0
2020,"6",8,0,2,1,3,0,0,0,0,0,0,0,0,0,0,0,0,0,0,0
2020,"8",3,0,1,2,0,0,0,0,0,0,0,0,0,0,0,0,0,0,0,0
2020,"9",4,1,0,0,1,1,1,0,0,0,0,0,0,0,0,0,0,0,0,0
2020,"10",2,4,0,1,2,0,0,0,0,0,0,0,0,0,0,0,0,0,0,0
2020,"11",5,2,0,1,0,0,0,0,0,0,0,0,0,0,0,0,0,0,0,0
2020,"12",4,0,0,2,1,0,0,0,0,0,0,0,0,0,0,0,0,0,0,0
2020,"13",0,0,0,8,6,3,1,0,0,0,0,0,0,0,0,0,0,0,0,0
2020,"14",1,0,0,3,16,1,0,0,0,0,0,0,0,0,0,0,0,0,0,0
2020,"15",5,0,0,5,0,1,0,0,1,0,0,0,0,0,0,0,0,0,0,0
2020,"16",4,0,0,2,2,0,0,0,0,0,0,0,0,0,1,0,0,0,0,0
2020,"17",0,2,0,5,6,0,0,0,0,0,0,0,2,0,0,0,0,0,0,0
2020,"18",5,0,0,1,2,1,0,0,0,0,0,0,0,0,0,0,0,0,0,0
2020,"19",23,5,0,15,4,4,0,0,0,0,0,0,0,0,0,0,0,0,0,0
2020,"20",11,2,2,13,7,2,2,0,11,1,0,1,1,0,0,0,0,0,0,0
2020,"21",1,0,0,4,0,0,0,0,0,0,0,0,0,0,0,1,0,0,0,0
2020,"22",0,0,0,10,5,0,2,1,1,0,0,1,0,0,0,0,0,0,0,0
2020,"23",4,1,0,5,3,1,0,0,0,0,0,0,0,0,0,0,0,0,0,0
2020,"24",1,0,1,7,13,0,1,0,0,0,0,0,0,0,0,0,0,0,0,0
2020,"27",4,0,1,11,6,0,0,0,1,0,0,0,2,0,0,0,0,0,0,0
2020,"28",4,0,1,15,8,0,1,1,1,0,0,0,0,0,0,0,0,0,0,0
2020,"29",0,1,0,2,6,1,0,0,0,0,0,0,1,0,0,0,0,0,0,0
2020,"30",0,0,0,0,1,0,0,0,0,0,0,0,0,0,0,0,0,0,0,0
2020,"31",0,0,0,3,5,0,0,0,0,2,0,0,0,0,0,0,0,0,0,0
2020,"32",7,2,0,2,0,0,0,0,0,0,0,0,0,0,0,0,0,0,0,0
2020,"33",13,2,6,18,8,3,0,1,0,1,0,0,0,0,0,1,0,0,0,0
2020,"34",0,0,0,5,5,0,1,1,0,0,0,0,1,0,0,0,0,0,0,0
2020,"36",1,0,0,4,2,0,0,0,0,1,0,0,0,0,4,2,0,0,0,0
2020,"37",24,4,2,4,0,4,0,0,0,0,0,0,0,0,0,1,0,0,0,0
2020,"39",0,0,0,1,0,0,0,0,0,0,0,0,0,0,0,0,0,0,0,0
2020,"40",0,0,1,1,2,0,0,0,0,0,0,0,0,0,0,0,0,0,0,0
2020,"41",1,0,3,3,1,5,0,0,5,0,0,1,0,0,0,0,0,0,1,0
2020,"42",0,0,1,1,0,0,0,1,0,0,0,0,0,0,0,0,0,0,0,0
2020,"45",1,0,0,1,0,0,0,0,0,0,0,0,0,0,0,0,0,0,0,0
2020,"46",8,1,21,28,9,6,0,4,18,1,0,0,18,0,1,0,32,4,0,0
2020,"47",0,1,1,0,0,0,0,0,0,0,0,0,0,0,0,0,8,0,0,0
2020,"49",0,0,0,2,0,0,0,0,0,0,0,0,0,0,0,0,0,0,0,0
2020,"50",0,0,0,3,0,0,0,0,0,0,0,0,0,0,1,0,0,0,0,0
2021,"1",5,1,0,0,0,0,0,0,0,0,0,0,0,0,0,0,0,0,0,0
2021,"2",1,0,0,0,0,0,0,0,0,0,0,0,0,0,0,0,0,0,0,0
2021,"3",1,0,0,1,0,0,0,0,0,0,0,0,0,0,0,0,0,0,0,0
2021,"5",0,0,0,3,4,0,0,0,0,0,0,0,0,0,0,0,0,0,0,0
2021,"6",7,0,0,1,3,0,0,0,0,0,0,0,0,0,0,0,0,0,0,0
2021,"8",3,0,1,2,0,0,0,2,0,0,0,0,0,0,0,0,0,0,0,0
2021,"9",3,1,0,0,1,1,0,0,0,0,0,0,0,0,0,0,0,0,0,0
2021,"10",2,4,0,1,2,0,0,0,0,0,0,0,0,0,0,0,0,0,0,0
2021,"11",5,2,0,1,0,0,0,0,0,0,0,0,0,0,0,0,0,0,0,0
2021,"12",4,0,0,1,1,0,0,0,0,0,0,0,0,0,0,0,0,0,0,0
2021,"13",0,0,0,6,6,3,1,0,0,0,0,0,0,0,0,0,0,0,0,0
2021,"14",1,0,0,3,13,1,0,0,0,0,0,0,0,0,0,0,0,0,0,0
2021,"15",6,0,0,5,0,1,0,0,1,0,0,0,0,0,0,0,0,0,0,0
2021,"16",3,0,0,2,2,0,0,0,0,0,0,0,0,0,1,0,0,0,0,0
2021,"17",0,1,0,1,6,0,0,0,0,0,0,0,2,0,0,0,0,0,0,0
2021,"18",4,0,0,1,2,1,0,0,0,0,0,0,0,0,0,0,0,0,0,0
2021,"19",22,4,0,11,6,4,0,0,0,0,0,0,0,0,0,0,0,0,0,0
2021,"20",10,2,0,6,7,1,0,2,12,0,0,1,1,0,0,0,0,0,0,0
2021,"21",1,0,0,4,0,0,0,0,0,0,0,0,0,0,0,1,0,0,0,0
2021,"22",0,0,0,6,5,0,0,1,1,0,0,1,0,0,0,0,0,0,0,0
2021,"23",3,0,0,3,3,0,0,0,0,0,0,0,0,0,0,0,0,0,0,0
2021,"24",1,0,1,5,11,0,0,0,0,0,0,0,0,0,0,0,0,0,0,0
2021,"27",5,0,1,7,6,0,0,0,1,0,0,0,1,0,0,0,0,0,0,0
2021,"28",2,0,0,9,9,0,1,2,1,0,0,0,1,0,0,0,0,0,0,0
2021,"29",0,0,0,2,6,1,0,0,0,0,0,0,1,0,0,0,0,0,0,0
2021,"30",0,0,0,0,1,0,0,0,0,0,0,0,0,0,0,0,0,0,0,0
2021,"31",0,0,0,3,5,0,0,0,0,1,0,0,0,0,0,0,0,0,0,0
2021,"32",5,3,0,2,0,1,0,0,0,0,0,0,0,0,0,0,0,0,0,0
2021,"33",9,1,0,12,9,7,0,1,0,4,0,0,0,0,0,1,0,0,0,0
2021,"34",0,0,0,5,5,0,1,1,0,0,0,0,1,0,0,1,0,0,0,0
2021,"36",1,0,0,5,2,1,0,0,0,1,0,0,2,0,5,3,0,0,0,0
2021,"37",6,4,0,4,0,1,0,0,0,0,0,0,0,0,0,1,0,0,0,0
2021,"39",0,0,0,1,0,0,0,0,0,0,0,0,0,0,0,0,0,0,0,0
2021,"40",1,0,0,2,2,0,0,0,0,0,0,0,0,0,0,0,0,0,0,0
2021,"41",0,0,2,3,1,3,0,2,2,0,0,0,0,0,0,0,0,0,1,0
2021,"42",0,0,0,1,0,0,0,1,0,0,0,0,0,0,0,0,0,0,0,0
2021,"45",1,0,0,1,0,1,0,0,0,0,0,0,0,0,0,0,0,0,0,0
2021,"46",3,1,10,23,9,8,0,1,18,1,0,0,14,0,0,0,21,3,0,0
2021,"47",0,1,0,0,0,0,0,0,0,0,0,0,0,0,0,0,5,0,0,0
2021,"49",0,0,0,1,0,0,0,0,0,0,0,0,0,0,0,0,0,0,0,0
2021,"50",0,0,0,3,0,0,0,0,0,0,0,0,0,0,0,0,0,0,0,0
2022,"1",9,2,0,0,0,0,0,0,0,0,0,0,0,0,0,0,0,0,0,0
2022,"1R",16,2,0,1,0,0,0,0,0,3,0,0,0,0,0,0,0,0,0,0
2022,"2",1,0,0,0,0,0,0,0,0,0,0,0,0,0,0,0,0,0,0,0
2022,"2R",3,0,0,0,0,0,0,0,0,0,0,0,0,0,0,0,0,0,0,0
2022,"3",2,0,0,2,0,0,0,0,0,0,0,0,0,0,0,0,0,0,0,0
2022,"4R",4,0,0,1,1,0,3,0,0,0,0,0,1,0,0,0,0,0,0,2
2022,"5",0,0,0,3,5,1,0,1,0,0,0,0,0,0,0,0,0,0,0,0
2022,"5R",0,6,0,5,3,1,2,0,0,0,0,0,0,0,0,0,0,0,0,0
2022,"6",15,0,0,1,3,0,0,0,0,0,0,0,0,0,0,0,0,0,0,0
2022,"6R",23,0,2,1,0,0,0,0,0,0,0,0,0,0,0,0,0,0,0,0
2022,"7",3,0,0,0,0,0,0,0,0,0,0,0,0,0,0,0,0,0,0,0
2022,"7R",4,0,0,0,0,0,0,0,0,0,0,0,0,0,0,0,0,0,0,0
2022,"8",2,0,1,3,0,0,0,5,0,0,0,0,0,0,0,0,0,0,0,0
2022,"8R",1,0,0,0,0,0,0,0,0,0,0,0,0,0,0,0,0,0,0,0
2022,"9",4,2,0,1,1,1,0,0,0,0,0,0,0,0,0,0,0,0,0,0
2022,"9R",2,1,0,1,0,1,0,0,0,0,0,0,0,0,0,0,0,0,0,0
2022,"10",2,3,0,1,2,0,0,1,0,0,0,0,0,0,0,0,0,0,0,0
2022,"10R",0,1,0,1,2,0,2,0,0,0,0,0,0,0,0,0,0,0,0,0
2022,"11",9,2,0,1,0,0,0,0,0,0,0,0,0,0,0,0,0,0,0,0
2022,"11R",2,0,0,1,0,0,0,0,0,0,0,0,0,0,0,0,0,0,0,0
2022,"12",4,0,0,1,1,0,0,0,0,0,0,0,0,0,0,0,0,0,0,0
2022,"12R",4,0,0,4,6,2,0,0,0,0,0,0,0,0,0,0,0,0,0,0
2022,"13",0,0,0,7,5,3,1,0,0,0,0,0,0,0,0,0,0,0,0,0
2022,"13R",1,0,0,1,0,0,0,0,0,0,0,0,0,0,0,0,0,0,0,0
2022,"14",2,0,1,4,12,1,0,0,0,0,0,0,0,0,0,0,0,0,0,0
2022,"14R",1,0,0,0,0,0,0,0,0,0,0,0,0,0,0,0,0,0,0,0
2022,"15",6,0,0,4,0,1,0,1,1,0,0,0,0,0,0,0,0,0,0,0
2022,"15R",0,2,0,1,3,0,3,1,0,0,0,0,0,0,0,0,0,0,0,0
2022,"16",4,0,0,2,2,0,0,0,0,0,0,0,0,0,1,0,0,0,0,0
2022,"16R",12,1,0,2,2,0,0,0,0,0,0,0,0,0,0,0,0,0,0,0
2022,"17",0,1,0,1,6,0,0,0,0,0,0,0,0,0,0,0,0,0,0,0
2022,"17R",0,0,0,2,3,0,0,0,0,0,0,0,0,0,0,0,0,0,0,0
2022,"18",5,0,0,1,2,1,0,0,0,0,0,0,0,0,0,0,0,0,0,0
2022,"18R",1,0,0,1,6,0,0,0,0,0,0,0,0,0,0,0,0,0,0,0
2022,"19",22,3,0,10,4,4,0,0,0,0,0,0,0,0,0,0,0,0,0,0
2022,"19R",11,0,1,9,7,2,1,0,3,0,1,1,0,0,0,0,0,0,0,0
2022,"20",13,3,1,6,8,1,0,1,12,1,0,1,2,0,0,0,0,0,0,0
2022,"21",1,0,0,4,0,0,0,0,0,0,0,0,0,0,0,1,0,0,0,0
2022,"21R",1,0,0,3,2,1,0,0,0,0,0,0,2,0,0,0,0,0,0,0
2022,"22",1,0,0,6,5,0,0,1,1,0,0,1,0,0,0,0,0,0,0,0
2022,"22R",2,4,0,2,0,0,1,0,0,0,0,0,0,0,0,0,0,0,0,0
2022,"23",9,0,0,3,3,0,0,0,0,0,0,0,0,0,0,0,0,0,0,0
2022,"23R",11,1,0,3,2,1,0,0,0,0,0,0,0,0,0,0,0,0,0,0
2022,"24",1,0,1,5,12,0,1,0,0,0,0,0,0,0,0,0,0,0,0,0
2022,"24R",0,0,0,1,1,0,0,0,0,0,0,0,0,0,0,0,0,0,0,0
2022,"25R",0,1,0,1,0,0,1,0,0,0,0,0,0,0,0,0,0,0,0,0
2022,"26R",3,0,0,1,0,0,0,0,0,0,0,0,0,0,0,0,0,0,0,0
2022,"27",5,0,2,7,5,0,1,0,3,0,0,0,1,0,0,0,0,0,0,0
2022,"27R",3,0,0,3,3,3,0,1,1,0,0,0,0,0,0,0,0,0,0,0
2022,"28",2,0,1,6,11,0,1,3,2,0,0,0,2,0,0,0,0,0,0,0
2022,"28R",6,1,1,7,4,0,1,0,1,1,0,0,4,0,0,0,0,0,0,0
2022,"29",0,0,0,2,4,1,0,0,0,0,0,0,1,0,0,0,0,0,0,0
2022,"29R",0,0,0,1,10,0,0,0,0,0,0,0,1,0,0,0,0,0,0,0
2022,"30",0,0,0,0,2,0,0,0,0,0,0,0,0,0,0,0,0,0,0,0
2022,"30R",0,0,0,1,0,0,0,0,0,0,0,0,0,0,0,0,0,0,0,0
2022,"31",0,0,1,2,4,0,0,1,0,1,0,0,0,0,0,0,0,0,0,0
2022,"31R",0,0,0,1,2,1,0,0,0,0,0,0,0,0,0,0,0,0,0,0
2022,"32",6,3,0,1,0,0,0,1,0,0,0,0,0,0,0,0,0,0,0,0
2022,"32R",0,12,1,5,4,4,1,0,0,0,0,0,1,0,0,0,0,0,0,0
2022,"33",10,1,2,12,10,4,0,3,0,2,0,0,1,0,0,1,0,0,0,0
2022,"33R",2,1,1,3,8,0,0,1,0,0,0,0,1,0,0,0,0,0,0,0
2022,"34",0,0,0,6,6,0,2,1,0,0,0,0,1,0,0,1,0,0,0,0
2022,"35R",0,0,0,2,1,3,0,0,1,1,0,0,0,0,0,0,0,0,0,0
2022,"36",1,0,0,5,2,0,0,1,0,2,0,0,2,0,7,2,0,0,0,0
2022,"36R",1,0,1,3,3,2,1,1,1,0,0,0,1,0,0,0,0,0,0,0
2022,"37",9,6,0,3,0,1,0,1,0,0,0,0,0,0,0,2,0,0,0,0
2022,"37R",1,1,1,0,0,0,0,0,0,0,0,0,0,0,0,0,0,0,0,0
2022,"38",0,1,0,0,0,0,0,0,0,0,0,0,0,0,0,0,0,0,0,0
2022,"39",0,1,0,1,0,0,0,0,0,0,0,0,0,0,0,0,0,0,0,0
2022,"39R",3,6,1,1,0,0,0,0,0,0,0,0,0,0,0,0,0,0,0,0
2022,"40",0,0,0,1,2,0,0,0,0,0,0,0,0,0,0,0,0,0,0,0
2022,"40R",7,1,0,4,2,6,1,0,0,0,0,0,2,0,0,5,0,0,0,0
2022,"41",0,1,1,2,1,3,0,5,2,0,0,0,0,0,0,0,0,0,1,0
2022,"41R",0,0,3,6,6,2,1,3,0,2,1,0,2,0,0,0,0,0,0,0
2022,"42",0,0,0,1,0,0,0,1,0,0,0,0,0,0,0,0,0,0,0,0
2022,"42R",0,2,0,0,0,0,0,0,0,0,0,0,0,0,0,0,0,0,0,0
2022,"45",1,0,0,1,0,1,0,0,0,0,0,0,0,0,0,0,0,0,0,0
2022,"45R",0,1,1,3,2,1,0,0,0,0,0,0,0,0,0,0,0,0,0,0
2022,"46",4,1,13,24,8,10,0,3,25,1,0,1,16,0,0,0,21,3,0,0
2022,"47",0,3,0,0,0,0,0,0,0,0,0,0,0,0,0,0,9,0,0,0
2022,"47R",0,1,1,0,0,0,0,0,0,0,0,0,0,0,0,0,0,0,0,0
2022,"49",0,1,0,1,0,0,0,0,0,0,0,0,0,0,0,0,0,0,0,0
2022,"49R",3,0,2,1,3,1,0,0,0,0,0,0,0,0,0,0,0,0,0,0
2022,"50",0,0,0,2,0,0,0,0,0,0,0,0,0,0,0,0,0,0,0,0
2022,"50R",0,0,0,2,1,0,0,0,0,0,0,0,0,0,0,0,0,0,0,0
2023,"1",9,3,0,0,0,0,0,0,0,0,0,0,0,0,0,0,0,0,0,0
2023,"1R",15,2,0,1,0,0,0,0,0,3,0,0,0,0,0,0,0,0,0,0
2023,"2",1,0,0,0,0,0,0,0,0,0,0,0,0,0,0,0,0,0,0,0
2023,"2R",3,0,0,0,0,0,0,0,0,0,0,0,0,0,0,0,0,0,0,0
2023,"3",2,0,0,1,0,0,0,0,0,0,0,0,0,0,0,0,0,0,0,0
2023,"4R",4,0,0,1,1,0,2,0,0,0,0,0,1,0,0,0,0,0,0,2
2023,"5",0,0,0,4,4,0,0,1,0,0,0,0,0,0,0,0,0,0,0,0
2023,"5R",0,14,0,5,3,1,2,0,0,0,0,0,0,0,0,0,0,0,0,0
2023,"6",14,0,0,1,3,0,0,0,0,0,0,0,0,0,0,0,0,0,0,0
2023,"6R",24,0,3,1,0,0,0,0,0,0,0,0,0,0,0,0,0,0,0,0
2023,"7",3,0,0,0,0,0,0,0,0,0,0,0,0,0,0,0,0,0,0,0
2023,"7R",5,0,0,0,0,0,0,0,0,0,0,0,0,0,0,0,0,0,0,0
2023,"8",2,0,2,3,0,0,0,4,0,0,0,0,0,0,0,0,0,0,0,0
2023,"8R",1,0,0,0,0,0,0,0,0,0,0,0,0,0,0,0,0,0,0,0
2023,"9",4,1,0,0,1,1,0,0,0,0,0,0,0,0,0,0,0,0,0,0
2023,"9R",2,4,0,1,0,1,0,0,0,0,0,0,0,0,0,0,0,0,0,0
2023,"10",1,2,0,1,2,0,0,1,0,0,0,0,0,0,0,0,0,0,0,0
2023,"10R",0,1,0,1,2,0,0,0,0,0,0,0,0,0,0,0,0,0,0,0
2023,"11",10,4,0,1,0,0,0,0,0,0,0,0,0,0,0,0,0,0,0,0
2023,"11R",2,0,0,3,0,0,0,0,0,0,0,0,0,0,0,0,0,0,0,0
2023,"12",5,0,1,1,1,0,0,0,0,0,0,0,0,0,0,0,0,0,0,0
2023,"12R",4,0,0,5,5,2,0,0,0,0,0,0,0,0,0,0,0,0,0,0
2023,"13",0,0,0,7,4,3,0,0,0,0,0,0,0,0,0,0,0,0,0,0
2023,"13R",1,0,0,1,0,0,0,0,0,0,0,0,0,0,0,0,0,0,0,0
2023,"14",1,0,0,3,10,1,0,0,0,0,0,0,0,0,0,0,0,0,0,0
2023,"14R",1,0,0,0,0,0,0,0,0,0,0,0,0,0,0,0,0,0,0,0
2023,"15",6,0,0,4,0,1,0,1,1,0,0,0,0,0,0,0,0,0,0,0
2023,"15R",0,4,0,1,3,0,3,1,0,0,0,0,0,0,0,0,0,0,0,0
2023,"16",3,0,0,2,2,0,0,0,0,0,0,0,0,0,1,0,0,0,0,0
2023,"16R",11,4,0,2,3,0,0,0,0,0,0,0,0,0,0,0,0,0,0,0
2023,"17",0,1,0,1,6,0,0,0,0,0,0,0,0,0,0,0,0,0,0,0
2023,"17R",0,0,0,2,3,0,0,0,0,0,0,0,0,0,0,0,0,0,0,0
2023,"18",5,0,0,1,2,1,0,0,0,0,0,0,0,0,0,0,0,0,0,0
2023,"18R",1,0,0,1,5,0,0,0,0,0,0,0,0,0,0,0,0,0,0,0
2023,"19",21,3,0,10,4,4,0,0,0,0,0,0,0,0,0,0,0,0,0,0
2023,"19R",10,0,1,9,7,2,1,0,3,0,1,1,0,0,0,0,0,0,0,0
2023,"20",15,3,1,5,8,1,0,0,12,1,0,1,4,0,0,0,0,0,0,0
2023,"21",1,0,0,3,0,0,0,0,0,0,0,0,0,0,0,1,0,0,0,0
2023,"21R",1,0,0,3,2,1,0,0,0,0,0,0,1,0,0,0,0,0,0,0
2023,"22",1,0,0,6,5,0,0,1,1,0,0,1,0,0,0,0,0,0,0,0
2023,"22R",2,2,0,2,0,0,1,0,0,0,0,0,0,0,0,0,0,0,0,0
2023,"23",6,0,0,3,2,0,0,0,0,0,0,0,0,0,0,0,0,0,0,0
2023,"23R",12,2,0,3,0,1,0,0,0,0,0,0,0,0,0,0,0,0,0,0
2023,"24",0,0,1,5,12,0,0,0,0,0,0,0,0,0,0,0,0,0,0,0
2023,"24R",0,0,0,1,1,0,0,0,0,0,0,0,0,0,0,0,0,0,0,0
2023,"25R",0,1,0,1,0,0,0,0,0,0,0,0,0,0,0,0,0,0,0,0
2023,"26R",3,0,0,1,0,0,0,0,0,0,0,0,0,0,0,0,0,0,0,0
2023,"27",5,0,1,7,6,0,0,0,3,0,0,0,1,0,0,0,0,0,0,0
2023,"27R",2,0,1,3,3,3,0,2,1,0,0,0,0,0,0,0,0,0,0,0
2023,"28",2,0,1,5,11,0,1,4,2,0,0,0,4,0,0,0,0,0,0,0
2023,"28R",7,3,0,6,4,0,0,0,1,1,0,0,4,0,0,0,0,0,0,0
2023,"29",0,0,0,2,4,1,0,0,0,0,0,0,1,0,0,0,0,0,0,0
2023,"29R",0,0,0,1,9,0,1,0,0,0,0,0,1,0,0,0,0,0,0,0
2023,"30",0,0,0,0,2,0,0,0,0,0,0,0,0,0,0,0,0,0,0,0
2023,"30R",0,0,0,1,0,0,0,0,0,0,0,0,0,0,0,0,0,0,0,0
2023,"31",0,0,0,2,3,0,0,1,0,1,0,0,0,0,0,0,0,0,0,0
2023,"31R",0,0,0,1,2,1,0,0,0,0,0,0,0,0,0,0,0,0,0,0
2023,"32",5,4,0,1,0,0,0,1,0,0,0,0,0,0,0,0,0,0,0,0
2023,"32R",0,11,1,4,4,4,0,0,0,0,0,0,1,0,0,0,0,0,0,0
2023,"33",8,1,0,10,9,2,0,3,0,2,0,0,1,0,0,1,0,0,0,0
2023,"33R",1,6,1,3,8,0,0,0,0,0,0,0,1,0,0,0,0,0,0,0
2023,"34",0,0,0,5,5,0,1,0,0,0,0,0,1,0,0,1,0,0,0,0
2023,"35R",0,0,0,2,1,3,0,0,1,1,0,0,0,0,0,0,0,0,0,0
2023,"36",1,0,0,5,1,0,0,0,0,1,0,0,1,0,6,2,0,0,0,0
2023,"36R",1,2,0,3,3,1,0,0,1,0,0,0,0,0,0,0,0,0,0,0
2023,"37",11,8,0,3,0,1,0,1,0,0,0,0,0,0,0,2,0,0,0,0
2023,"37R",1,1,0,0,0,0,0,0,0,0,0,0,0,0,0,0,0,0,0,0
2023,"38",0,1,0,0,0,0,0,0,0,0,0,0,0,0,0,0,0,0,0,0
2023,"39",0,2,0,1,0,0,0,0,0,0,0,0,0,0,0,0,0,0,0,0
2023,"39R",3,7,2,1,0,0,0,0,0,0,0,0,0,0,0,0,0,0,0,0
2023,"40",0,2,1,1,2,0,0,0,0,0,0,0,0,0,0,0,0,0,0,0
2023,"40R",4,2,0,4,1,6,0,0,0,0,0,0,1,0,0,4,0,0,0,0
2023,"41",0,1,2,2,1,3,0,5,2,0,0,0,0,0,0,0,0,0,1,0
2023,"41R",0,0,4,4,6,2,0,3,0,2,1,0,4,0,0,0,0,0,0,0
2023,"42",0,0,1,1,0,0,0,1,0,0,0,0,0,0,0,0,0,0,0,0
2023,"42R",0,2,0,0,0,0,0,0,0,0,0,0,0,0,0,0,0,0,0,0
2023,"45",1,0,0,1,0,1,0,0,0,0,0,0,0,0,0,0,0,0,0,0
2023,"45R",0,1,1,3,2,0,0,0,0,0,0,0,0,0,0,0,0,0,0,0
2023,"46",5,1,14,24,9,8,0,2,26,1,0,1,17,0,0,0,17,4,0,0
2023,"46R",1,0,11,20,5,5,0,0,22,0,0,0,9,0,1,3,32,1,0,0
2023,"47",0,6,0,0,0,0,0,0,0,0,0,0,0,0,0,0,6,0,0,0
2023,"47R",0,3,1,0,0,0,0,0,0,0,0,0,0,0,0,0,0,0,0,0
2023,"48R",0,1,0,0,0,0,0,0,0,0,0,0,0,0,0,0,0,0,0,0
2023,"49",0,1,0,1,0,0,0,0,0,0,0,0,0,0,0,0,0,0,0,0
2023,"49R",3,0,2,1,3,1,0,0,0,0,0,0,0,0,0,0,0,0,0,0
2023,"50",0,0,0,2,0,0,0,0,0,0,0,0,0,0,0,0,0,0,0,0
2023,"50R",0,0,0,2,1,0,0,0,0,0,0,0,0,0,0,0,0,0,0,0
2024,"1",7,2,0,0,0,0,0,0,0,0,0,0,0,0,0,0,0,0,0,0
2024,"1R",9,2,0,1,0,0,0,0,0,3,0,0,0,0,0,0,0,0,0,0
2024,"2",1,0,0,0,0,0,0,0,0,0,0,0,0,0,0,0,0,0,0,0
2024,"2R",3,0,0,0,0,0,0,0,0,0,0,0,0,0,0,0,0,0,0,0
2024,"3",2,0,0,1,0,0,0,0,0,0,0,0,0,0,0,0,0,0,0,0
2024,"4R",4,0,0,1,1,0,1,0,0,0,0,0,0,0,0,0,0,0,0,1
2024,"5",0,0,0,3,4,0,0,1,0,0,0,0,0,0,0,0,0,0,0,0
2024,"5R",0,20,0,5,4,1,2,0,0,0,0,0,0,0,0,0,0,0,0,0
2024,"6",11,0,0,1,3,0,0,0,0,0,0,0,0,0,0,0,0,0,0,0
2024,"6R",21,0,3,1,0,0,0,0,0,0,0,0,0,0,0,0,0,0,0,0
2024,"7",1,0,0,0,0,0,0,0,0,0,0,0,0,0,0,0,0,0,0,0
2024,"7R",5,0,0,0,0,0,0,0,0,0,0,0,0,0,0,0,0,0,0,0
2024,"8",2,0,1,2,0,0,0,2,0,0,0,0,0,0,0,0,0,0,0,0
2024,"8R",1,0,0,0,0,0,0,0,0,0,0,0,0,0,0,0,0,0,0,0
2024,"9",2,4,0,0,1,1,0,0,0,0,0,0,0,0,0,0,0,0,0,0
2024,"9R",2,5,0,1,0,1,0,0,0,0,0,0,0,0,0,0,0,0,0,0
2024,"10",1,1,0,1,2,0,0,0,0,0,0,0,0,0,0,0,0,0,0,0
2024,"10R",0,1,0,1,2,0,0,0,0,0,0,0,0,0,0,0,0,0,0,0
2024,"11",9,5,0,1,0,0,0,0,0,0,0,0,0,0,0,0,0,0,0,0
2024,"11R",2,0,0,1,0,0,0,0,0,0,0,0,0,0,0,0,0,0,0,0
2024,"12",5,0,1,1,0,0,0,0,0,0,0,0,0,0,0,0,0,0,0,0
2024,"12R",4,0,0,4,5,2,0,0,0,0,0,0,1,0,0,0,0,0,0,0
2024,"13",0,0,0,6,4,2,0,0,0,0,0,0,0,0,0,0,0,0,0,0
2024,"13R",1,0,0,0,0,0,0,0,0,0,0,0,0,0,0,0,0,0,0,0
2024,"14",1,0,0,3,10,1,0,0,0,0,0,0,0,0,0,0,0,0,0,0
2024,"14R",1,0,0,0,0,0,0,0,0,0,0,0,0,0,0,0,0,0,0,0
2024,"15",6,0,0,4,0,0,0,0,1,0,0,0,0,0,0,0,0,0,0,0
2024,"15R",0,4,0,1,3,0,1,0,0,0,0,0,0,0,0,0,0,0,0,0
2024,"16",3,0,0,2,2,0,0,0,0,0,0,0,0,0,1,0,0,0,0,0
2024,"16R",11,4,0,2,2,0,0,0,0,0,0,0,0,0,0,0,0,0,0,0
2024,"17",0,1,0,1,6,0,0,0,0,0,0,0,0,0,0,0,0,0,0,0
2024,"17R",0,0,0,2,2,0,0,0,0,0,0,0,0,0,0,0,0,0,0,0
2024,"18",5,0,0,1,2,1,0,0,0,0,0,0,0,0,0,0,0,0,0,0
2024,"18R",1,0,0,1,4,0,0,0,0,0,0,0,0,0,0,0,0,0,0,0
2024,"19",20,10,0,10,3,4,0,0,0,0,0,0,0,0,0,0,0,0,0,0
2024,"19R",10,0,1,8,7,2,1,0,3,0,0,1,0,0,0,0,0,0,0,0
2024,"20",14,5,2,4,9,1,0,0,13,0,0,0,5,0,0,0,0,0,0,0
2024,"21",1,0,0,2,0,0,0,0,0,0,0,0,0,0,0,1,0,0,0,0
2024,"21R",1,0,0,3,2,1,0,0,0,0,0,0,0,0,0,0,0,0,0,0
2024,"22",1,0,0,5,5,0,0,0,1,0,0,1,0,0,0,0,0,0,0,0
2024,"22R",2,2,0,2,0,0,1,0,0,0,0,0,0,0,0,0,0,0,0,0
2024,"23",6,0,0,3,2,0,0,0,0,0,0,0,0,0,0,0,0,0,0,0
2024,"23R",10,4,0,4,0,1,0,0,0,0,0,0,0,0,0,0,0,0,0,0
2024,"24",0,0,1,4,12,0,0,0,0,0,0,0,0,0,0,0,0,0,0,0
2024,"24R",0,0,0,1,1,0,0,0,0,0,0,0,0,0,0,0,0,0,0,0
2024,"25R",0,0,0,1,0,0,0,0,0,0,0,0,0,0,0,0,0,0,0,0
2024,"26R",3,0,0,1,0,0,0,0,0,0,0,0,0,0,0,0,0,0,0,0
2024,"27",5,0,1,7,5,0,0,0,3,0,0,0,1,0,0,0,0,0,0,0
2024,"27R",2,0,1,3,2,3,0,1,1,0,0,0,0,0,0,0,0,0,0,0
2024,"28",2,0,0,5,12,0,1,3,2,0,0,0,4,0,0,0,0,0,0,0
2024,"28R",7,4,0,5,4,0,0,0,1,1,0,0,3,0,0,0,0,0,0,0
2024,"29",0,0,0,1,4,1,0,0,0,0,0,0,1,0,0,0,0,0,0,0
2024,"29R",0,0,0,1,7,0,1,0,0,0,0,0,1,0,0,0,0,0,0,0
2024,"30",0,0,0,0,2,0,0,0,0,0,0,0,0,0,0,0,0,0,0,0
2024,"30R",0,0,0,1,0,0,0,0,0,0,0,0,0,0,0,0,0,0,0,0
2024,"31",0,0,0,1,3,0,0,1,0,1,0,0,0,0,0,0,0,0,0,0
2024,"31R",0,0,0,1,2,0,0,0,0,0,0,0,0,0,0,0,0,0,0,0
2024,"32",4,4,0,1,0,0,0,1,0,0,0,0,0,0,0,0,0,0,0,0
2024,"32R",0,11,1,5,5,4,0,0,0,0,0,0,1,0,0,0,0,0,0,0
2024,"33",8,2,0,9,10,3,0,2,0,2,0,0,1,0,0,1,0,0,0,0
2024,"33R",1,8,1,3,6,0,0,0,0,0,0,0,1,0,0,0,0,0,0,0
2024,"34",0,0,0,4,5,0,0,0,0,0,0,0,1,0,0,1,0,0,0,0
2024,"35R",0,0,0,1,2,1,0,0,1,1,0,0,0,0,0,0,0,0,0,0
2024,"36",0,0,0,5,1,0,0,0,0,1,0,0,1,0,7,2,0,0,0,0
2024,"36R",1,1,0,3,3,1,0,0,1,0,0,0,0,0,0,0,0,0,0,0
2024,"37",10,9,0,3,0,1,0,0,0,0,0,0,0,0,0,3,0,0,0,0
2024,"37R",1,1,0,0,0,1,0,0,0,0,0,0,1,0,0,0,0,0,0,0
2024,"38",0,3,0,0,0,0,0,0,0,0,0,0,0,0,0,0,0,0,0,0
2024,"39",0,2,0,1,0,0,0,0,0,0,0,0,0,0,0,0,0,0,0,0
2024,"39R",3,15,1,1,0,0,0,0,0,0,0,0,0,0,0,0,0,0,0,0
2024,"40",0,2,1,1,1,0,0,0,0,0,0,0,0,0,0,0,0,0,0,0
2024,"40R",3,1,0,4,1,5,0,0,0,0,0,0,0,0,0,5,0,0,0,0
2024,"41",0,1,2,2,1,3,0,5,2,1,0,0,0,0,0,0,0,0,1,0
2024,"41R",0,0,3,5,7,2,0,2,0,2,1,0,4,0,0,0,0,0,0,0
2024,"42",0,0,2,1,0,0,0,1,0,0,0,0,0,0,0,0,0,0,0,0
2024,"42R",0,5,0,0,0,0,0,0,0,0,0,0,0,0,0,0,0,0,0,0
2024,"45",0,0,0,1,0,0,0,0,0,0,0,0,0,0,0,0,0,0,0,0
2024,"45R",0,1,1,2,2,0,0,0,0,0,0,0,0,0,0,0,0,0,0,0
2024,"46",5,0,13,28,11,10,0,1,37,1,0,1,18,0,0,0,18,3,0,0
2024,"46R",0,0,12,22,5,5,0,0,26,0,0,0,9,0,1,3,30,0,0,0
2024,"47",0,6,0,0,0,0,0,0,0,0,0,0,0,0,0,0,7,0,0,0
2024,"47R",0,13,1,0,0,0,0,0,0,0,0,0,0,0,0,0,0,0,0,0
2024,"48R",0,2,0,0,0,0,0,0,0,0,0,0,0,0,0,0,0,0,0,0
2024,"49",0,1,0,1,0,0,0,0,0,0,0,0,0,0,0,0,0,0,0,0
2024,"49R",3,0,2,1,2,2,0,0,0,0,0,0,0,0,0,0,0,0,0,0
2024,"50",0,0,0,2,0,0,0,0,0,0,0,0,0,0,0,0,0,0,0,0
2024,"50R",0,0,0,2,1,0,0,0,0,0,0,0,0,0,0,0,0,0,0,0
